{"meta": {"total_count": 3}, "AreaDocument": [{"\ub3d9\uc774\ub984": "\uc608\uc7a5\ub3d9", "\uc21c\uc704": 1, "\uc810\uc218": 10.498748200664412}, {"\ub3d9\uc774\ub984": "\ubc18\ud3ec\ub3d9", "\uc21c\uc704": 2, "\uc810\uc218": 9.678161543972823}, {"\ub3d9\uc774\ub984": "\uc11c\ucd08\ub3d9", "\uc21c\uc704": 3, "\uc810\uc218": 9.455588794522091}]}