{"meta": {"total_count": 4}, "AreaDocument": [{"\ub3d9\uc774\ub984": "\uccad\ud30c\ub3d92\uac00", "\uc21c\uc704": 1, "\uc810\uc218": 10.262392358895847}, {"\ub3d9\uc774\ub984": "\uc774\ud0dc\uc6d0\ub3d9", "\uc21c\uc704": 2, "\uc810\uc218": 9.924771590163049}, {"\ub3d9\uc774\ub984": "\uc625\uc218\ub3d9", "\uc21c\uc704": 3, "\uc810\uc218": 7.577706063010359}, {"\ub3d9\uc774\ub984": "\uc2e0\ub2f9\ub3d9", "\uc21c\uc704": 4, "\uc810\uc218": 5.816359723324898}]}