{"meta": {"total_count": 3}, "AreaDocument": [{"\ub3d9\uc774\ub984": "\uc774\ud0dc\uc6d0\ub3d9", "\uc21c\uc704": 1, "\uc810\uc218": 0.4688264247514169}, {"\ub3d9\uc774\ub984": "\ub3d9\ube59\uace0\ub3d9", "\uc21c\uc704": 2, "\uc810\uc218": 0.3999425352563641}, {"\ub3d9\uc774\ub984": "\uccad\ud30c\ub3d93\uac00", "\uc21c\uc704": 3, "\uc810\uc218": 0.3221365966424631}]}