{"meta": {"total_count": 4}, "AreaDocument": [{"\ub3d9\uc774\ub984": "\ud55c\ub0a8\ub3d9", "\uc21c\uc704": 1, "\uc810\uc218": 2.309725609191649}, {"\ub3d9\uc774\ub984": "\uc2e0\ub2f9\ub3d9", "\uc21c\uc704": 2, "\uc810\uc218": 0.9119089781160754}, {"\ub3d9\uc774\ub984": "\uc6a9\uc0b0\ub3d94\uac00", "\uc21c\uc704": 3, "\uc810\uc218": 0.20596484360772327}, {"\ub3d9\uc774\ub984": "\uc6a9\uc0b0\ub3d91\uac00", "\uc21c\uc704": 4, "\uc810\uc218": 0.20285602398538702}]}